mean_hr,sdnn,rmssd,sd1,sd2,label
69.59745762711864,244.53323153304214,328.92923926650917,164.36277350252723,304.2661357012011,1
72.3296032553408,190.12079525091335,243.57849726624957,121.78906118992849,239.70660847827136,0
